key,accent,file,text_raw,text_normalised,wrong_language_output,dominant_script,non_latin_share,wer,substitutions,deletions,insertions,hits,ref_words,hyp_words
arabic/arabic10.mp3,arabic,audio/arabic/arabic10.mp3,"Please call Stella. Ask her to bring these things with her from the store. Six spoons of fresh snow peas, can scoop these things into three red bags and we will go meet her wednesday at the train station",please call stella ask her to bring these things with her from the store six spoons of fresh snow peas can scoop these things into three red bags and we will go meet her wednesday at the train station,False,latin,0.0,0.43478260869565216,0,30,0,39,69,39
english_uk/english11.mp3,english_uk,audio/english_uk/english11.mp3,"Please call Stella. Ask her to bring these things with her from the store. Six spoons of fresh snow peas, five thick slabs of blue cheese and maybe a snack for her brother Bob. We also need a small plastic snake and a big toy frog for the kids. She can scoop these things into three red bags. We will go meet her Wednesday at the train station.",please call stella ask her to bring these things with her from the store six spoons of fresh snow peas five thick slabs of blue cheese and maybe a snack for her brother bob we also need a small plastic snake and a big toy frog for the kids she can scoop these things into three red bags we will go meet her wednesday at the train station,False,latin,0.0,0.014492753623188406,0,1,0,68,69,68
english_us/english104.mp3,english_us,audio/english_us/english104.mp3,"Please call Stella. Ask her to bring these things with her from the store. Six spoons of fresh snow peas, five thick slabs of blue cheese, and maybe a snack for her brother Bob. We also need a small plastic snake and a big toy frog for the kids. She can scoop these things into three red bags, and we will go meet her Wednesday at the train station.",please call stella ask her to bring these things with her from the store six spoons of fresh snow peas five thick slabs of blue cheese and maybe a snack for her brother bob we also need a small plastic snake and a big toy frog for the kids she can scoop these things into three red bags and we will go meet her wednesday at the train station,False,latin,0.0,0.0,0,0,0,69,69,69
hindi/hindi1.mp3,hindi,audio/hindi/hindi1.mp3,"Please call Stella. Ask her to bring these things with her from the store. Six spoons of fresh snow peas, five thick slabs of blue cheese and maybe a snack for her brother Bob. We also need a small plastic snake and a big toy frog for the kids. She can scoop these things into three red bags and we will go meet her Wednesday at the train station.",please call stella ask her to bring these things with her from the store six spoons of fresh snow peas five thick slabs of blue cheese and maybe a snack for her brother bob we also need a small plastic snake and a big toy frog for the kids she can scoop these things into three red bags and we will go meet her wednesday at the train station,False,latin,0.0,0.0,0,0,0,69,69,69
pakistani/english519.mp3,pakistani,audio/pakistani/english519.mp3,"Please call Stella. Ask her to bring these things with her from the store. Six spoons of fresh snow peas, five thick slabs of blue cheese, and maybe a snack for her brother Bob. We also need a small plastic snake and a big toy frog for the kids. Can she scoop these things into three red bags and we will go to meet her Wednesday at the train station.",please call stella ask her to bring these things with her from the store six spoons of fresh snow peas five thick slabs of blue cheese and maybe a snack for her brother bob we also need a small plastic snake and a big toy frog for the kids can she scoop these things into three red bags and we will go to meet her wednesday at the train station,False,latin,0.0,0.043478260869565216,0,1,2,68,69,70
arabic/arabic15.mp3,arabic,audio/arabic/arabic15.mp3,اسأل ستيلا أن تأخذ هذه الأشياء معها إلى المنزل. من المنزل. ستة سطرات من السنوبيس الصغيرة. خمسة سطرات من البيض الأخضر. وربما سمك باب أخيها. نحتاج أيضًا إلى سمك بلاستيكي صغير. وزجاج كبير للأطفال يستطيع أن تسكب هذه الأشياء في ثلاثة بطاقات رائعة وسنلتقي بها في رمضان في محطة الطرين,اسأل ستيلا أن تأخذ هذه الأشياء معها إلى المنزل من المنزل ستة سطرات من السنوبيس الصغيرة خمسة سطرات من البيض الأخضر وربما سمك باب أخيها نحتاج أيض ا إلى سمك بلاستيكي صغير وزجاج كبير للأطفال يستطيع أن تسكب هذه الأشياء في ثلاثة بطاقات رائعة وسنلتقي بها في رمضان في محطة الطرين,True,arabic,1.0,1.0,51,18,0,0,69,51
english_uk/english12.mp3,english_uk,audio/english_uk/english12.mp3,"Please call Stella. Ask her to bring these things with her from the store. Six spoons of fresh snow peas, five thick slabs of blue cheese and maybe a snack for her brother Bob. We also need a small plastic snake and a big toy frog for the kids. She can scoop these things into three red bags and we will go and meet her Wednesday at the train station.",please call stella ask her to bring these things with her from the store six spoons of fresh snow peas five thick slabs of blue cheese and maybe a snack for her brother bob we also need a small plastic snake and a big toy frog for the kids she can scoop these things into three red bags and we will go and meet her wednesday at the train station,False,latin,0.0,0.014492753623188406,0,0,1,69,69,70
english_us/english162.mp3,english_us,audio/english_us/english162.mp3,"Please call Stella. Ask her to bring these things with her from the store. Six spoons of fresh snow peas, five thick slabs of blue cheese, and maybe a snack for her brother Bob. We also need a small plastic snake and a big toy frog for the kids. She can scoop these things into three red bags and we will go meet her Wednesday at the train station.",please call stella ask her to bring these things with her from the store six spoons of fresh snow peas five thick slabs of blue cheese and maybe a snack for her brother bob we also need a small plastic snake and a big toy frog for the kids she can scoop these things into three red bags and we will go meet her wednesday at the train station,False,latin,0.0,0.0,0,0,0,69,69,69
hindi/hindi10.mp3,hindi,audio/hindi/hindi10.mp3,"Please call Stella. Ask her to bring these things with her from the store. Six spoons of fresh snow peas, five thick slabs of blue cheese, and maybe a snack for her brother Bob. We also need a small plastic snake and a big toy frog for the kids. She can scoop these things into three red bags, and we will go meet her Wednesday at the train station.",please call stella ask her to bring these things with her from the store six spoons of fresh snow peas five thick slabs of blue cheese and maybe a snack for her brother bob we also need a small plastic snake and a big toy frog for the kids she can scoop these things into three red bags and we will go meet her wednesday at the train station,False,latin,0.0,0.0,0,0,0,69,69,69
pakistani/french61.mp3,pakistani,audio/pakistani/french61.mp3,"Please call Stella. Ask her to bring these things with her from the store. Six spoons of fresh snow peas, five thick slabs of blue cheese and maybe a snack for her brother Bob. We also need a small plastic snake and a big toy frog for the kids. She can scoop these things into three red bags and we will go meet her Wednesday at the train station.",please call stella ask her to bring these things with her from the store six spoons of fresh snow peas five thick slabs of blue cheese and maybe a snack for her brother bob we also need a small plastic snake and a big toy frog for the kids she can scoop these things into three red bags and we will go meet her wednesday at the train station,False,latin,0.0,0.0,0,0,0,69,69,69
arabic/arabic17.mp3,arabic,audio/arabic/arabic17.mp3,"Please call Stella, ask her to bring these things with her from the store. 6 spoons of fresh snow peas, 5 thick slabs of blue cheese and maybe a snack for her brother Bob. We also need a small plastic snake and a big toy frog for the kids. She can scoop these things into 3 red bags and we will go meet her Wednesday at the train station.",please call stella ask her to bring these things with her from the store spoons of fresh snow peas thick slabs of blue cheese and maybe a snack for her brother bob we also need a small plastic snake and a big toy frog for the kids she can scoop these things into red bags and we will go meet her wednesday at the train station,False,latin,0.0,0.043478260869565216,0,3,0,66,69,66
english_uk/english13.mp3,english_uk,audio/english_uk/english13.mp3,"Please call Stella. Ask her to bring these things with her from the store. Six spoons of fresh snow peas, five thick slabs of blue cheese and maybe a snack for her brother Bob. We also need a small plastic snake and a big toy frog for the kids. She can scoop these things into three red bags and we will go meet her on Wednesday at the train station.",please call stella ask her to bring these things with her from the store six spoons of fresh snow peas five thick slabs of blue cheese and maybe a snack for her brother bob we also need a small plastic snake and a big toy frog for the kids she can scoop these things into three red bags and we will go meet her on wednesday at the train station,False,latin,0.0,0.014492753623188406,0,0,1,69,69,70
english_us/english17.mp3,english_us,audio/english_us/english17.mp3,"Please call Stella. Ask her to bring those things with her from the store. Six spoons of fresh snow peas, five thick slabs of blue cheese, and maybe a snack for her brother Bob. We also need a small plastic snake and a big toy frog for the kids. She can scoop these things into three red bags, and we will go meet her Wednesday at the train station.",please call stella ask her to bring those things with her from the store six spoons of fresh snow peas five thick slabs of blue cheese and maybe a snack for her brother bob we also need a small plastic snake and a big toy frog for the kids she can scoop these things into three red bags and we will go meet her wednesday at the train station,False,latin,0.0,0.014492753623188406,1,0,0,68,69,69
hindi/hindi11.mp3,hindi,audio/hindi/hindi11.mp3,"Please call Stella. Ask her to bring these things with her from the store. Six spoons of fresh snow peas, five thick slabs of blue cheese, and maybe a snack for her brother Bob. We also need a small plastic snake and a big toy frog for the kids. She can scoop these things into three red bags and we will go meet her Wednesday at the train station.",please call stella ask her to bring these things with her from the store six spoons of fresh snow peas five thick slabs of blue cheese and maybe a snack for her brother bob we also need a small plastic snake and a big toy frog for the kids she can scoop these things into three red bags and we will go meet her wednesday at the train station,False,latin,0.0,0.0,0,0,0,69,69,69
pakistani/hindko1.mp3,pakistani,audio/pakistani/hindko1.mp3,"Please call Stella. Ask her to bring these things with her from the store. Six spoons of fresh snow peas, five thick slabs of blue cheese, and maybe a snack for her brother Bob. We also need a small plastic snake and a big toy frog for the kids. She can scoop these things into three red bags and we will go meet her Wednesday at the train station.",please call stella ask her to bring these things with her from the store six spoons of fresh snow peas five thick slabs of blue cheese and maybe a snack for her brother bob we also need a small plastic snake and a big toy frog for the kids she can scoop these things into three red bags and we will go meet her wednesday at the train station,False,latin,0.0,0.0,0,0,0,69,69,69
arabic/arabic20.mp3,arabic,audio/arabic/arabic20.mp3,"Please call Stella. Ask her to bring these things with her from the store. Six spoons of fresh snow peas, five thick slabs of blue cheese and maybe a snack of her brother Bob. We also need a small plastic snake and a big toy frog for the kids. She can scoop these things into three red bags and we will go meet her Wednesday at the train station.",please call stella ask her to bring these things with her from the store six spoons of fresh snow peas five thick slabs of blue cheese and maybe a snack of her brother bob we also need a small plastic snake and a big toy frog for the kids she can scoop these things into three red bags and we will go meet her wednesday at the train station,False,latin,0.0,0.014492753623188406,1,0,0,68,69,69
english_uk/english141.mp3,english_uk,audio/english_uk/english141.mp3,"Please call Stella. Ask her to bring these things with her from store. Six spoons of fresh snow peas, five thick slabs of blue cheese and maybe a snack for her brother Bob. We also need a small plastic snake and a big toy frog for the kids. She can scoop these things into three red bags and we'll go meet her Wednesday at station.",please call stella ask her to bring these things with her from store six spoons of fresh snow peas five thick slabs of blue cheese and maybe a snack for her brother bob we also need a small plastic snake and a big toy frog for the kids she can scoop these things into three red bags and we'll go meet her wednesday at station,False,latin,0.0,0.07246376811594203,1,4,0,64,69,65
english_us/english19.mp3,english_us,audio/english_us/english19.mp3,"Please call Stella. Ask her to bring these things with her from the store. Six spoons of fresh snow peas, five thick slabs of blue cheese, and maybe a snack for her brother Bob. We also need a small plastic snake and a big toy frog for the kids. You can scoop these things into three red bags and we will go meet her Wednesday at the train station.",please call stella ask her to bring these things with her from the store six spoons of fresh snow peas five thick slabs of blue cheese and maybe a snack for her brother bob we also need a small plastic snake and a big toy frog for the kids you can scoop these things into three red bags and we will go meet her wednesday at the train station,False,latin,0.0,0.014492753623188406,1,0,0,68,69,69
hindi/hindi12.mp3,hindi,audio/hindi/hindi12.mp3,"Please call Stella. Ask her to bring these things with her from the store. Six spoons of fresh snow peas, five thick slabs of blue cheese and maybe a snack for her brother Bob. We also need a small plastic snake and a big toy frog for the kids. She can scoop these things into three red bags and we will go meet her Wednesday at the train station.",please call stella ask her to bring these things with her from the store six spoons of fresh snow peas five thick slabs of blue cheese and maybe a snack for her brother bob we also need a small plastic snake and a big toy frog for the kids she can scoop these things into three red bags and we will go meet her wednesday at the train station,False,latin,0.0,0.0,0,0,0,69,69,69
pakistani/pashto10.mp3,pakistani,audio/pakistani/pashto10.mp3,"Please call Stella. Ask her to bring these things with her from the store. Six spoons of fresh snow peas, five thick slabs of blue cheese and maybe a snack for her brother, Bob. We also need a small plastic snake and a big toy frog for the kids. She can scoop these things into three red bags and we will go meet her Wednesday at the train station.",please call stella ask her to bring these things with her from the store six spoons of fresh snow peas five thick slabs of blue cheese and maybe a snack for her brother bob we also need a small plastic snake and a big toy frog for the kids she can scoop these things into three red bags and we will go meet her wednesday at the train station,False,latin,0.0,0.0,0,0,0,69,69,69
arabic/arabic23.mp3,arabic,audio/arabic/arabic23.mp3,"Please call Stella. Ask her to bring these things with her from the store. Six spoons of fresh snow peas, five thick slabs of blue cheese, and maybe a snack for her brother Bob. We also need a small plastic snake and a big toy frog for the kids. She can scoop these things into three red bags and we will go meet her Wednesday at the train station.",please call stella ask her to bring these things with her from the store six spoons of fresh snow peas five thick slabs of blue cheese and maybe a snack for her brother bob we also need a small plastic snake and a big toy frog for the kids she can scoop these things into three red bags and we will go meet her wednesday at the train station,False,latin,0.0,0.0,0,0,0,69,69,69
english_uk/english145.mp3,english_uk,audio/english_uk/english145.mp3,"Please call Stella. Ask her to bring these things with her from the store. Six spoons of fresh snow peas, five thick slabs of blue cheese, and maybe a snack for her brother Bob. We will also need a small plastic snake and a big toy frog for the kids. She can scoop these things into three red bags and we will go meet her Wednesday at the train station.",please call stella ask her to bring these things with her from the store six spoons of fresh snow peas five thick slabs of blue cheese and maybe a snack for her brother bob we will also need a small plastic snake and a big toy frog for the kids she can scoop these things into three red bags and we will go meet her wednesday at the train station,False,latin,0.0,0.014492753623188406,0,0,1,69,69,70
english_us/english202.mp3,english_us,audio/english_us/english202.mp3,please call stella ask her to bring these things with her from the store six spoons of fresh snow peas five thick slabs of blue cheese and maybe a snack for her brother bob we also need a small plastic snake and a big toy frog for the kids she can scoop these things into three red bags and we will go meet her wednesday at the train station,please call stella ask her to bring these things with her from the store six spoons of fresh snow peas five thick slabs of blue cheese and maybe a snack for her brother bob we also need a small plastic snake and a big toy frog for the kids she can scoop these things into three red bags and we will go meet her wednesday at the train station,False,latin,0.0,0.0,0,0,0,69,69,69
hindi/hindi13.mp3,hindi,audio/hindi/hindi13.mp3,"Please call Stella, ask her to bring these things with her from the store. 6 spoons of fresh snow peas, 5 thick slabs of blue cheese and maybe a snack for her brother Bob. We also need a small plastic snake and a big toy frog for the kid. She can swoop these things into three red bags and we will go meet her Wednesday at the train station.",please call stella ask her to bring these things with her from the store spoons of fresh snow peas thick slabs of blue cheese and maybe a snack for her brother bob we also need a small plastic snake and a big toy frog for the kid she can swoop these things into three red bags and we will go meet her wednesday at the train station,False,latin,0.0,0.057971014492753624,2,2,0,65,69,67
pakistani/pashto4.mp3,pakistani,audio/pakistani/pashto4.mp3,"Please call Stella. Ask her to bring these things with her from the store. Six spoons of fresh snow peas, five thick slabs of blue cheese, and maybe a snack for her brother Bob. We also need a small plastic snake and a big toy frog for the kids. She can scoop these things into three red bags, and we will go meet her Wednesday at the train station.",please call stella ask her to bring these things with her from the store six spoons of fresh snow peas five thick slabs of blue cheese and maybe a snack for her brother bob we also need a small plastic snake and a big toy frog for the kids she can scoop these things into three red bags and we will go meet her wednesday at the train station,False,latin,0.0,0.0,0,0,0,69,69,69
arabic/arabic25.mp3,arabic,audio/arabic/arabic25.mp3,"Please call Stella. Ask her to bring these things with her from the store. Six spoons of fresh snow peas, five thick slabs of blue cheese, and maybe a snack for her brother Bob. We will also need a small plastic snake and a big toy frog for the kids. She can scoop these things into three red bags and we will go meet her Wednesday at the train station.",please call stella ask her to bring these things with her from the store six spoons of fresh snow peas five thick slabs of blue cheese and maybe a snack for her brother bob we will also need a small plastic snake and a big toy frog for the kids she can scoop these things into three red bags and we will go meet her wednesday at the train station,False,latin,0.0,0.014492753623188406,0,0,1,69,69,70
english_uk/english164.mp3,english_uk,audio/english_uk/english164.mp3,"Cofiwch gael Stella. Cofiwch iddo ddod â'r pethau hyn gyda hi o'r storfa. 6 sbwm o bwyd llaw, 5 slabs o bwyd blaen ac efallai snac i'w ffrindiau Bob. Rydyn ni hefyd angen snec plastig bach a ffrog ffrind mawr i'r plant. Gallai hi sgwpio'r pethau hyn i mewn 3 bagiau rydw i, ac rydyn ni'n mynd i'w gwrdd gyda hi ddiweddaraf ar y sefydliad train.",cofiwch gael stella cofiwch iddo ddod â'r pethau hyn gyda hi o'r storfa sbwm o bwyd llaw slabs o bwyd blaen ac efallai snac i'w ffrindiau bob rydyn ni hefyd angen snec plastig bach a ffrog ffrind mawr i'r plant gallai hi sgwpio'r pethau hyn i mewn bagiau rydw i ac rydyn ni'n mynd i'w gwrdd gyda hi ddiweddaraf ar y sefydliad train,False,latin,0.0,0.9565217391304348,60,6,0,3,69,63
english_us/english211.mp3,english_us,audio/english_us/english211.mp3,"Please call Stella. Ask her to bring these things with her from the store. Six spoons of fresh snow peas, five thick slabs of blue cheese, and maybe a snack for her brother Bob. We also need a small plastic snake and a big toy frog for the kids. She can scoop these things into three red bags, and we will go meet her Wednesday at the train station.",please call stella ask her to bring these things with her from the store six spoons of fresh snow peas five thick slabs of blue cheese and maybe a snack for her brother bob we also need a small plastic snake and a big toy frog for the kids she can scoop these things into three red bags and we will go meet her wednesday at the train station,False,latin,0.0,0.0,0,0,0,69,69,69
hindi/hindi14.mp3,hindi,audio/hindi/hindi14.mp3,"Please call Stella. Ask her to bring these things with her from the store. Six spoons of fresh snow peas, five thick steps of blue cheese and maybe a snack for her brother Bob. We also need a small plastic snake and a big toy frog for the kids. She can scoop these things into three red bags and we will go meet her Wednesday at the train station.",please call stella ask her to bring these things with her from the store six spoons of fresh snow peas five thick steps of blue cheese and maybe a snack for her brother bob we also need a small plastic snake and a big toy frog for the kids she can scoop these things into three red bags and we will go meet her wednesday at the train station,False,latin,0.0,0.014492753623188406,1,0,0,68,69,69
pakistani/punjabi1.mp3,pakistani,audio/pakistani/punjabi1.mp3,چاہیے سٹیلہ پڑھو۔ اس کے سات پلاسٹک سنیک کی ضرورت ہے جس کے لئے,چاہیے سٹیلہ پڑھو اس کے سات پلاسٹک سنیک کی ضرورت ہے جس کے لئے,True,arabic,1.0,1.0,14,55,0,0,69,14
arabic/arabic26.mp3,arabic,audio/arabic/arabic26.mp3,"Please call Stella. Ask her to bring those things with her from the store. Six spoons of fresh snow peas, five thick slabs of blue cheese, and maybe a snack for her brother, Bob. We also need a small plastic snack and a big toy frog for her for the kids. She can scoop those things into the three red bag and we will go meet her Wednesday at the train station.",please call stella ask her to bring those things with her from the store six spoons of fresh snow peas five thick slabs of blue cheese and maybe a snack for her brother bob we also need a small plastic snack and a big toy frog for her for the kids she can scoop those things into the three red bag and we will go meet her wednesday at the train station,False,latin,0.0,0.10144927536231885,4,0,3,65,69,72
english_uk/english2.mp3,english_uk,audio/english_uk/english2.mp3,"Please call Stella. Ask her to bring these things with her from the store. Six spoons of fresh snow peas, five thick slabs of blue cheese and maybe a snack for her brother Bob. We also need a small plastic snake and a big toy frog for the kids. She can scoop these things into three red bags and we will go meet her Wednesday at the train station.",please call stella ask her to bring these things with her from the store six spoons of fresh snow peas five thick slabs of blue cheese and maybe a snack for her brother bob we also need a small plastic snake and a big toy frog for the kids she can scoop these things into three red bags and we will go meet her wednesday at the train station,False,latin,0.0,0.0,0,0,0,69,69,69
english_us/english214.mp3,english_us,audio/english_us/english214.mp3,"Please call Stella. Ask her to bring these things with her from the store. Six spoons of fresh snow peas, five thick slabs of blue cheese, maybe a snack for her brother Bob. We also need a small plastic snake and a big toy frog for the kids. She can scoop these things into three red bags and we will go meet her Wednesday at the train station.",please call stella ask her to bring these things with her from the store six spoons of fresh snow peas five thick slabs of blue cheese maybe a snack for her brother bob we also need a small plastic snake and a big toy frog for the kids she can scoop these things into three red bags and we will go meet her wednesday at the train station,False,latin,0.0,0.014492753623188406,0,1,0,68,69,68
hindi/hindi15.mp3,hindi,audio/hindi/hindi15.mp3,"Please call Stella. Ask her to bring these things with her from the store. Six spoons of fresh snow peas, five thick slabs of blue cheese and maybe a snack for her brother Bob. We also need a small plastic snake and a big toy frog for the kids. She can scoop these things into three red bags and we will go meet her Wednesday at the train station.",please call stella ask her to bring these things with her from the store six spoons of fresh snow peas five thick slabs of blue cheese and maybe a snack for her brother bob we also need a small plastic snake and a big toy frog for the kids she can scoop these things into three red bags and we will go meet her wednesday at the train station,False,latin,0.0,0.0,0,0,0,69,69,69
pakistani/punjabi6.mp3,pakistani,audio/pakistani/punjabi6.mp3,"Please call Stella. Ask her to bring these things with her from the store. Six spoons of fresh snow peas, five thick slabs of blue cheese and maybe a snack for her brother Bob. We also need a small plastic snake and a big toy frog for the kids. She can scoop these things into three red bags and we will go meet her Wednesday at the train station.",please call stella ask her to bring these things with her from the store six spoons of fresh snow peas five thick slabs of blue cheese and maybe a snack for her brother bob we also need a small plastic snake and a big toy frog for the kids she can scoop these things into three red bags and we will go meet her wednesday at the train station,False,latin,0.0,0.0,0,0,0,69,69,69
arabic/arabic27.mp3,arabic,audio/arabic/arabic27.mp3,"Please call Stella, ask her to bring these things with her from the store. Six spoons of fresh snow peas, five thick slabs of blue cheese and maybe a snack for her brother Bob. We also need a small plastic snake and a big toy frog for the kids. وفراغ كبير للطفلين ، يمكنها تخلص من هذه الأشياء إلى ثلاثة حجم رئيسي ، وسوف نلتقي بها في أمس في محطة الطرق.",please call stella ask her to bring these things with her from the store six spoons of fresh snow peas five thick slabs of blue cheese and maybe a snack for her brother bob we also need a small plastic snake and a big toy frog for the kids وفراغ كبير للطفلين يمكنها تخلص من هذه الأشياء إلى ثلاثة حجم رئيسي وسوف نلتقي بها في أمس في محطة الطرق,False,latin,0.3004,0.2898550724637681,20,0,0,49,69,69
english_uk/english206.mp3,english_uk,audio/english_uk/english206.mp3,"Please call Stella, ask her to bring these things with her from the store. Six spoons of fresh snow peas, five thick slabs of blue cheese and maybe a snack for her brother Bob. We also need a small plastic snake and a big toy frog for the kids. She can scoop these things into three red bags and we will go meet her Wednesday at the train station.",please call stella ask her to bring these things with her from the store six spoons of fresh snow peas five thick slabs of blue cheese and maybe a snack for her brother bob we also need a small plastic snake and a big toy frog for the kids she can scoop these things into three red bags and we will go meet her wednesday at the train station,False,latin,0.0,0.0,0,0,0,69,69,69
english_us/english220.mp3,english_us,audio/english_us/english220.mp3,"Please call Stella. Ask her to bring these things with her from the store. Six spoons of fresh snow peas, five thick slabs of blue cheese, and maybe a snack for her brother Bob. We also need a small plastic snake and a big toy frog for the kids. She can scoop these things into three red bags, and we will go meet her Wednesday at the train station.",please call stella ask her to bring these things with her from the store six spoons of fresh snow peas five thick slabs of blue cheese and maybe a snack for her brother bob we also need a small plastic snake and a big toy frog for the kids she can scoop these things into three red bags and we will go meet her wednesday at the train station,False,latin,0.0,0.0,0,0,0,69,69,69
hindi/hindi16.mp3,hindi,audio/hindi/hindi16.mp3,"Please call Stella. Ask her to bring these things with her from the store. Six spoons of fresh snow peas, five thick slabs of blue cheese and maybe a snack for her brother Bob. We also need a small plastic snake and a big toy frog for the kids. She can scoop these things in the three red bags and we will go meet her on Wednesday at the train station.",please call stella ask her to bring these things with her from the store six spoons of fresh snow peas five thick slabs of blue cheese and maybe a snack for her brother bob we also need a small plastic snake and a big toy frog for the kids she can scoop these things in the three red bags and we will go meet her on wednesday at the train station,False,latin,0.0,0.043478260869565216,1,0,2,68,69,71
pakistani/punjabi7.mp3,pakistani,audio/pakistani/punjabi7.mp3,"Please call Stella. Ask her to bring these things with her from the store. 6 spoons of fresh snow peas, 5 thick slabs of blue cheese and maybe a snack for her brother Bob. We also need a small plastic snake and a big toy frog for the kids. She can scoop these things into 3 red bags and we will go meet her. Wednesday at the train station.",please call stella ask her to bring these things with her from the store spoons of fresh snow peas thick slabs of blue cheese and maybe a snack for her brother bob we also need a small plastic snake and a big toy frog for the kids she can scoop these things into red bags and we will go meet her wednesday at the train station,False,latin,0.0,0.043478260869565216,0,3,0,66,69,66
arabic/arabic28.mp3,arabic,audio/arabic/arabic28.mp3,"أرجوك يا ستيلر ، أسألها أن تحضر هذه الأشياء معها من مكتبها. سبع فرنسية جديدة ، سنوبيس ، خمسة فرنسيات كبيرة ، وربما فرنسة لأخيه. نحتاج أيضًا إلى فرنسة بلاستيكية صغيرة وفرنسة كبيرة للطفلين. Brother Bob, we also need a small plastic snack and a big toy frog for the kids. She can scoop these things with her from the store. وكذلك قطعات بلو جيز وكذلك طعام لأخي بوب. نحتاج أيضًا إلى طعام بلاستيكي صغير وفراغ كبير للطفلين. يمكنها أن تسكب هذا الأشياء في ثلاثة باستيكيات رائعة. وسنلتقي بها في أمس في محطة السيارة.",أرجوك يا ستيلر أسألها أن تحضر هذه الأشياء معها من مكتبها سبع فرنسية جديدة سنوبيس خمسة فرنسيات كبيرة وربما فرنسة لأخيه نحتاج أيض ا إلى فرنسة بلاستيكية صغيرة وفرنسة كبيرة للطفلين brother bob we also need a small plastic snack and a big toy frog for the kids she can scoop these things with her from the store وكذلك قطعات بلو جيز وكذلك طعام لأخي بوب نحتاج أيض ا إلى طعام بلاستيكي صغير وفراغ كبير للطفلين يمكنها أن تسكب هذا الأشياء في ثلاثة باستيكيات رائعة وسنلتقي بها في أمس في محطة السيارة,True,arabic,0.7399,1.0434782608695652,47,1,24,21,69,92
english_uk/english217.mp3,english_uk,audio/english_uk/english217.mp3,"Please call Stella. Ask her to bring these things with her from the store. Six spoons of fresh snow peas, five thick slabs of blue cheese, and maybe a snack for her brother Bob. We also need a small plastic snake and a big toy frog for the kids. She can scoop these things into three red bags, and we will go meet her Wednesday at the train station.",please call stella ask her to bring these things with her from the store six spoons of fresh snow peas five thick slabs of blue cheese and maybe a snack for her brother bob we also need a small plastic snake and a big toy frog for the kids she can scoop these things into three red bags and we will go meet her wednesday at the train station,False,latin,0.0,0.0,0,0,0,69,69,69
english_us/english232.mp3,english_us,audio/english_us/english232.mp3,"Please call Stella. Ask her to bring these things with her from the store. Six spoons of fresh snow peas, five thick slabs of blue cheese, and maybe a snack for her brother Bob. We also need a small plastic snake and a big toy frog for the kids. She can scoop these things into three red bags and we will go meet her Wednesday at the train station.",please call stella ask her to bring these things with her from the store six spoons of fresh snow peas five thick slabs of blue cheese and maybe a snack for her brother bob we also need a small plastic snake and a big toy frog for the kids she can scoop these things into three red bags and we will go meet her wednesday at the train station,False,latin,0.0,0.0,0,0,0,69,69,69
hindi/hindi17.mp3,hindi,audio/hindi/hindi17.mp3,"Please call Stella. Ask her to bring these things with her from the store. Six spoons of fresh snow peas, five thick slabs of blue cheese and maybe a snack for her brother Bob. We also need a small plastic snake and a big toy frog for the kids. She can scoop these things into three red bags and we will go meet her Wednesday at the train station.",please call stella ask her to bring these things with her from the store six spoons of fresh snow peas five thick slabs of blue cheese and maybe a snack for her brother bob we also need a small plastic snake and a big toy frog for the kids she can scoop these things into three red bags and we will go meet her wednesday at the train station,False,latin,0.0,0.0,0,0,0,69,69,69
pakistani/sindhi1.mp3,pakistani,audio/pakistani/sindhi1.mp3,"Please call Stella. Ask her to bring these things with her from the store. Six spoons of fresh snow peas, five thick slabs of blue cheese and maybe a snack for her brother Bob. We also need a small plastic snake and a big toy frog for the kids. She can scoop these things into three red bags and we'll go meet her Wednesday at the train station.",please call stella ask her to bring these things with her from the store six spoons of fresh snow peas five thick slabs of blue cheese and maybe a snack for her brother bob we also need a small plastic snake and a big toy frog for the kids she can scoop these things into three red bags and we'll go meet her wednesday at the train station,False,latin,0.0,0.028985507246376812,1,1,0,67,69,68
arabic/arabic29.mp3,arabic,audio/arabic/arabic29.mp3,اسأل سيلا أن تحضر هذه الأشياء معها من مكتبها. ستة ملعقات بيضة جديدة ، خمسة ملعقات بيضة أو ملعقة بيضة وربما مصنعات لأخيها. نحتاج أيضًا إلى مصنعات بلاستيكية صغيرة ومصنع بيضة كبيرة للطفلين. يمكنها تحضير هذه الأشياء إلى ثلاثة ملعقات كبيرة و مصدرات كبيرة و مصدرات كبيرة و مصدرات كبيرة و مصدرات كبيرة و مصدرات كبيرة و مصدرات كبيرة و مصدرات كبيرة و مصدرات كبيرة و مصدرات كبيرة و مصدرات كبيرة و مصدرات كبيرة و مصدرات كبيرة و مصدرات كبيرة و مصدرات كبيرة و مصدرات كبيرة و مصدرات كبيرة و مصدرات كبيرة و مصدرات كبيرة و مصدرات كبيرة و مصدرات كبيرة و مصدرات كبيرة و مصدرات كبيرة و مصدرات كبيرة و مصدرات كبيرة و مصدرات كبيرة و مصدرات كبيرة و مصدرات كبيرة و مصدرات كبيرة و مصدرات كبية و مصدرات كبية و مصدرات كبية و مصدرات كبية و مصدرات كبية و مصدرات كبية و مصدرات كبية و مصدرات كبية و مصدرات كبية و مصدرات كبية و مصدرات كبية و مصدرات كبية و مصدرات كبية و مصدرات كبية و مصدرات كبية و مصدرات كبية و مصدرات كبية و مصدرات كبية و مصدرات كبية و مصدرات كبية و مصد,اسأل سيلا أن تحضر هذه الأشياء معها من مكتبها ستة ملعقات بيضة جديدة خمسة ملعقات بيضة أو ملعقة بيضة وربما مصنعات لأخيها نحتاج أيض ا إلى مصنعات بلاستيكية صغيرة ومصنع بيضة كبيرة للطفلين يمكنها تحضير هذه الأشياء إلى ثلاثة ملعقات كبيرة و مصدرات كبيرة و مصدرات كبيرة و مصدرات كبيرة و مصدرات كبيرة و مصدرات كبيرة و مصدرات كبيرة و مصدرات كبيرة و مصدرات كبيرة و مصدرات كبيرة و مصدرات كبيرة و مصدرات كبيرة و مصدرات كبيرة و مصدرات كبيرة و مصدرات كبيرة و مصدرات كبيرة و مصدرات كبيرة و مصدرات كبيرة و مصدرات كبيرة و مصدرات كبيرة و مصدرات كبيرة و مصدرات كبيرة و مصدرات كبيرة و مصدرات كبيرة و مصدرات كبيرة و مصدرات كبيرة و مصدرات كبيرة و مصدرات كبيرة و مصدرات كبيرة و مصدرات كبية و مصدرات كبية و مصدرات كبية و مصدرات كبية و مصدرات كبية و مصدرات كبية و مصدرات كبية و مصدرات كبية و مصدرات كبية و مصدرات كبية و مصدرات كبية و مصدرات كبية و مصدرات كبية و مصدرات كبية و مصدرات كبية و مصدرات كبية و مصدرات كبية و مصدرات كبية و مصدرات كبية و مصدرات كبية و مصد,True,arabic,1.0,2.710144927536232,69,0,118,0,69,187
english_uk/english226.mp3,english_uk,audio/english_uk/english226.mp3,"Please call Stella. Ask her to bring these things from her from the store. Six spoons of fresh snow peas, five thick slabs of blue cheese and maybe a snack for her brother Bob. We also need a small plastic snake and a big toy frog for the kids. She can scoop these things into three red bags and we will go meet her Wednesday at the train station. All right. That's easy enough. Thank you.",please call stella ask her to bring these things from her from the store six spoons of fresh snow peas five thick slabs of blue cheese and maybe a snack for her brother bob we also need a small plastic snake and a big toy frog for the kids she can scoop these things into three red bags and we will go meet her wednesday at the train station all right that's easy enough thank you,False,latin,0.0,0.11594202898550725,1,0,7,68,69,76
english_us/english237.mp3,english_us,audio/english_us/english237.mp3,"Please call Stella. Ask her to bring these things with her from the store. Six spoons of fresh snow peas, five thick slabs of blue cheese, and maybe a snack for her brother Bob. We also need a small plastic snake and a big toy frog for the kids. She can scoop these things into three red bags and we will go meet her Wednesday at the train station.",please call stella ask her to bring these things with her from the store six spoons of fresh snow peas five thick slabs of blue cheese and maybe a snack for her brother bob we also need a small plastic snake and a big toy frog for the kids she can scoop these things into three red bags and we will go meet her wednesday at the train station,False,latin,0.0,0.0,0,0,0,69,69,69
hindi/hindi18.mp3,hindi,audio/hindi/hindi18.mp3,"Please call Stella. Ask her to bring these things with her from the store. 6 spoons of fresh snow peas, 5 thick slabs of blue cheese and maybe a snack for her brother Bob. We also need a small plastic snake and a big toy frog for the kids. She can scoop these things into 3 red bags and we will go meet her Wednesday at the train station.",please call stella ask her to bring these things with her from the store spoons of fresh snow peas thick slabs of blue cheese and maybe a snack for her brother bob we also need a small plastic snake and a big toy frog for the kids she can scoop these things into red bags and we will go meet her wednesday at the train station,False,latin,0.0,0.043478260869565216,0,3,0,66,69,66
pakistani/urdu1.mp3,pakistani,audio/pakistani/urdu1.mp3,"Please call Steela. Ask her about to bring these things with her from the store. 6 spoons of fresh snow peas, 5 thick slabs of blue cheese and maybe a snack of her brother Bob. We also need a small plastic snack and a big toy frog for the kids. She can scoop these things into three red bags and we will go meet her Wednesday at the train station.",please call steela ask her about to bring these things with her from the store spoons of fresh snow peas thick slabs of blue cheese and maybe a snack of her brother bob we also need a small plastic snack and a big toy frog for the kids she can scoop these things into three red bags and we will go meet her wednesday at the train station,False,latin,0.0,0.08695652173913043,3,2,1,64,69,68
arabic/arabic30.mp3,arabic,audio/arabic/arabic30.mp3,"Please call Stella. Ask her to bring these things with her for the store. Six spoons of fresh snow peas, five thick slabs of blue cheese, and maybe a snack for her brother Bob. We also need a small plastic snack and a big toy frog for the kids. She can scoop these things into three red bags, and we will go meet her Wednesday at the train station.",please call stella ask her to bring these things with her for the store six spoons of fresh snow peas five thick slabs of blue cheese and maybe a snack for her brother bob we also need a small plastic snack and a big toy frog for the kids she can scoop these things into three red bags and we will go meet her wednesday at the train station,False,latin,0.0,0.028985507246376812,2,0,0,67,69,69
english_uk/english227.mp3,english_uk,audio/english_uk/english227.mp3,"Please call Stella. Ask her to bring these things with her from the store. Six spoons of fresh snow peas, five thick slabs of blue cheese and maybe a snack for her brother Bob. We also need a small plastic snake and a big toy frog for the kids. She can scoop these things into three red bags and we will go meet her Wednesday at the train station. Beautiful. Thank you very much.",please call stella ask her to bring these things with her from the store six spoons of fresh snow peas five thick slabs of blue cheese and maybe a snack for her brother bob we also need a small plastic snake and a big toy frog for the kids she can scoop these things into three red bags and we will go meet her wednesday at the train station beautiful thank you very much,False,latin,0.0,0.07246376811594203,0,0,5,69,69,74
english_us/english249.mp3,english_us,audio/english_us/english249.mp3,"Please call Stella. Ask her to bring these things with her from the store. Six spoons of fresh snow peas, five thick slabs of blue cheese and maybe a snack for her brother Bob. We also need a small plastic snake and a big toy frog for the kids. She can scoop these things into three red bags and we will go meet her Wednesday at the train station.",please call stella ask her to bring these things with her from the store six spoons of fresh snow peas five thick slabs of blue cheese and maybe a snack for her brother bob we also need a small plastic snake and a big toy frog for the kids she can scoop these things into three red bags and we will go meet her wednesday at the train station,False,latin,0.0,0.0,0,0,0,69,69,69
hindi/hindi2.mp3,hindi,audio/hindi/hindi2.mp3,"Please call Stella. Ask her to bring these things with her from the store. Six spoons of fresh snow peas, five thick slabs of blue cheese and maybe a snack for her brother Bob. We also need a small plastic snake and a big toy frog for the kids. She can scoop these things into three red bags and we'll go meet her Wednesday at the train station.",please call stella ask her to bring these things with her from the store six spoons of fresh snow peas five thick slabs of blue cheese and maybe a snack for her brother bob we also need a small plastic snake and a big toy frog for the kids she can scoop these things into three red bags and we'll go meet her wednesday at the train station,False,latin,0.0,0.028985507246376812,1,1,0,67,69,68
pakistani/urdu10.mp3,pakistani,audio/pakistani/urdu10.mp3,"Please call Stella. Ask her to bring these things with her from the store. Six spoons of fresh snow peas, five thick slabs of blue cheese and maybe a snack of her brother Bob. We also need a small plastic snake and a big toy frog for the kids. She can scoop these things into three red bags and we will go meet her Wednesday at the train station.",please call stella ask her to bring these things with her from the store six spoons of fresh snow peas five thick slabs of blue cheese and maybe a snack of her brother bob we also need a small plastic snake and a big toy frog for the kids she can scoop these things into three red bags and we will go meet her wednesday at the train station,False,latin,0.0,0.014492753623188406,1,0,0,68,69,69
arabic/arabic37.mp3,arabic,audio/arabic/arabic37.mp3,"Please call Stella, ask her to bring these things from the store. 6 spoons of fresh snow peas, 5 thick slabs of blue cheese and maybe a snack for her brother Bob. We also need a small plastic snake and a bag toy frog for the kids. She can scoop these things into 3 red bags and we will go meet her Wednesday at the train station.",please call stella ask her to bring these things from the store spoons of fresh snow peas thick slabs of blue cheese and maybe a snack for her brother bob we also need a small plastic snake and a bag toy frog for the kids she can scoop these things into red bags and we will go meet her wednesday at the train station,False,latin,0.0,0.08695652173913043,1,5,0,63,69,64
english_uk/english250.mp3,english_uk,audio/english_uk/english250.mp3,"Please call Stella. Ask her to bring these things with her from the store. Six spoons of fresh snow peas, five thick slabs of blue cheese and maybe a snack for her brother Bob. We also need a small plastic snake and a big toy frog for the kids. She can scoop these things into three red bags and we will go meet her Wednesday at the train station.",please call stella ask her to bring these things with her from the store six spoons of fresh snow peas five thick slabs of blue cheese and maybe a snack for her brother bob we also need a small plastic snake and a big toy frog for the kids she can scoop these things into three red bags and we will go meet her wednesday at the train station,False,latin,0.0,0.0,0,0,0,69,69,69
english_us/english289.mp3,english_us,audio/english_us/english289.mp3,"Please call Stella. Ask her to bring these things with her from the store. Six spoons of fresh snow peas, five thick slabs of blue cheese, and maybe a snack for her brother Bob. We also need a small plastic snake and a big toy frog for the kids. She can scoop these things into three red bags and we will go meet her Wednesday at the train station.",please call stella ask her to bring these things with her from the store six spoons of fresh snow peas five thick slabs of blue cheese and maybe a snack for her brother bob we also need a small plastic snake and a big toy frog for the kids she can scoop these things into three red bags and we will go meet her wednesday at the train station,False,latin,0.0,0.0,0,0,0,69,69,69
hindi/hindi3.mp3,hindi,audio/hindi/hindi3.mp3,"Please call Stella. Ask her to bring these things with her from the store. Six spoons of fresh snow peas, five thick slabs of blue cheese, and maybe a snack for her brother Bob. We also need a small plastic snake and a big toy frog for the kids. She can scoop these things into three red bags, and we will go meet her Wednesday at the train station.",please call stella ask her to bring these things with her from the store six spoons of fresh snow peas five thick slabs of blue cheese and maybe a snack for her brother bob we also need a small plastic snake and a big toy frog for the kids she can scoop these things into three red bags and we will go meet her wednesday at the train station,False,latin,0.0,0.0,0,0,0,69,69,69
pakistani/urdu11.mp3,pakistani,audio/pakistani/urdu11.mp3,"Please call Stella, ask her to bring these things with her from the store. Six spoons of fresh snow peas, five thick slabs of blue cheese and maybe a snack for her brother Bob. We also need a small plastic snake and a big toy frog for the kids. She can scoop these things into three red bags and we will go meet her Wednesday at the train station.",please call stella ask her to bring these things with her from the store six spoons of fresh snow peas five thick slabs of blue cheese and maybe a snack for her brother bob we also need a small plastic snake and a big toy frog for the kids she can scoop these things into three red bags and we will go meet her wednesday at the train station,False,latin,0.0,0.0,0,0,0,69,69,69
arabic/arabic38.mp3,arabic,audio/arabic/arabic38.mp3,"Please call Stella. Ask her to bring these things with her from the store. Six spoons of fresh snow peas, five thick slabs of blue cheese, and maybe a snack for her brother Bob. We also need a small plastic snake and a big toy frog for the kids. She can scoop these things into three red bags and we will go meet her Wednesday at the train station.",please call stella ask her to bring these things with her from the store six spoons of fresh snow peas five thick slabs of blue cheese and maybe a snack for her brother bob we also need a small plastic snake and a big toy frog for the kids she can scoop these things into three red bags and we will go meet her wednesday at the train station,False,latin,0.0,0.0,0,0,0,69,69,69
english_uk/english267.mp3,english_uk,audio/english_uk/english267.mp3,"Cofiwch ar Stella. Cofiwch iddi ddod â'r pethau hyn gyda'r storfa. 6 sbwm o snopi bres, 5-6 sbwm o bwys, ac efallai bwyd i ffrindio i ffrindio i ffrindio i ffrindio i ffrindio i ffrindio i ffrindio i ffrindio i ffrindio i ffrindio i ffrindio i ffrindio i ffrindio i ffrindio i ffrindio i ffrindio i ffrindio i ffrindio i ffrindio i ffrindio i ffrindio i ffrindio i ffrindio i ffrindio i ffrindio i ffrindio i ffrindio i ffrindio i ffrindio i ffrindio i ffrindio i ffrindio i ffrindio i ffrindio i ffrindio i ffrindio i ffrindio i ffrindio i ffrindio i ffrindio i ffrindio i ffrindio i ffrindio i ffrindio i ffrindio i ffrindio i ffrindio i ffrindio i ffrindio i ffrindio i ffrindio i ffrindio i ffrindio i ffrindio i ffrindio i ffrindio i ffrindio i ffrindio i ffrindio i ffrindio i ffrindio i ffrindio i ffrindio i ffrindio i ffrindio i ffrindio i ffrindio i ffrindio i ffrindio i ffrindio i ffrindio i ffrindio i ffrindio i ffrindio i ffrindio i ffrindio",cofiwch ar stella cofiwch iddi ddod â'r pethau hyn gyda'r storfa sbwm o snopi bres sbwm o bwys ac efallai bwyd i ffrindio i ffrindio i ffrindio i ffrindio i ffrindio i ffrindio i ffrindio i ffrindio i ffrindio i ffrindio i ffrindio i ffrindio i ffrindio i ffrindio i ffrindio i ffrindio i ffrindio i ffrindio i ffrindio i ffrindio i ffrindio i ffrindio i ffrindio i ffrindio i ffrindio i ffrindio i ffrindio i ffrindio i ffrindio i ffrindio i ffrindio i ffrindio i ffrindio i ffrindio i ffrindio i ffrindio i ffrindio i ffrindio i ffrindio i ffrindio i ffrindio i ffrindio i ffrindio i ffrindio i ffrindio i ffrindio i ffrindio i ffrindio i ffrindio i ffrindio i ffrindio i ffrindio i ffrindio i ffrindio i ffrindio i ffrindio i ffrindio i ffrindio i ffrindio i ffrindio i ffrindio i ffrindio i ffrindio i ffrindio i ffrindio i ffrindio i ffrindio i ffrindio i ffrindio i ffrindio i ffrindio i ffrindio i ffrindio i ffrindio i ffrindio i ffrindio,False,latin,0.0,2.4927536231884058,68,0,104,1,69,173
english_us/english303.mp3,english_us,audio/english_us/english303.mp3,"Please call Stella and ask her to bring these things with her from the store. Six spoons of fresh snow peas, five thick slabs of blue cheese, and maybe a snack for her brother Bob. We also need a small plastic snake and a big toy frog for the kids. She can scoop these things into three red bags, and we will go meet her Wednesday at the train station.",please call stella and ask her to bring these things with her from the store six spoons of fresh snow peas five thick slabs of blue cheese and maybe a snack for her brother bob we also need a small plastic snake and a big toy frog for the kids she can scoop these things into three red bags and we will go meet her wednesday at the train station,False,latin,0.0,0.014492753623188406,0,0,1,69,69,70
hindi/hindi4.mp3,hindi,audio/hindi/hindi4.mp3,"Please call Stella. Ask her to bring these things with her from the store. Six spoons of fresh snow peas, five thick slabs of blue cheese and maybe a snack for her brother Bob. We also need a small plastic snake and a big toy frog for the kids. She can scoop these things into three red bags and we will go meet her Wednesday at the train station.",please call stella ask her to bring these things with her from the store six spoons of fresh snow peas five thick slabs of blue cheese and maybe a snack for her brother bob we also need a small plastic snake and a big toy frog for the kids she can scoop these things into three red bags and we will go meet her wednesday at the train station,False,latin,0.0,0.0,0,0,0,69,69,69
pakistani/urdu12.mp3,pakistani,audio/pakistani/urdu12.mp3,"Please call Stella. Ask her to bring these things with her from the store. Six spoons of fresh snow peas, five thick slabs of blue cheese, and maybe a snack for her brother Bob. We also need a small plastic snake and a big toy frog for the kids. She can scoop these things into three red bags and we will go meet her Wednesday at the train station.",please call stella ask her to bring these things with her from the store six spoons of fresh snow peas five thick slabs of blue cheese and maybe a snack for her brother bob we also need a small plastic snake and a big toy frog for the kids she can scoop these things into three red bags and we will go meet her wednesday at the train station,False,latin,0.0,0.0,0,0,0,69,69,69
arabic/arabic41.mp3,arabic,audio/arabic/arabic41.mp3,"Please call Cilla. Ask her to bring these things with her from the store. Six spoons of fresh snow peas, five thick slabs of blue cheese, and maybe a snack for her brother Bob. We also need a small plastic snack and a big toy fork for the kids. She can scoop these things into three red bags and we will go to meet her Wednesday at the train station.",please call cilla ask her to bring these things with her from the store six spoons of fresh snow peas five thick slabs of blue cheese and maybe a snack for her brother bob we also need a small plastic snack and a big toy fork for the kids she can scoop these things into three red bags and we will go to meet her wednesday at the train station,False,latin,0.0,0.057971014492753624,3,0,1,66,69,70
english_uk/english319.mp3,english_uk,audio/english_uk/english319.mp3,"Please call Stella. Ask her to bring these things with her from the store. Six spoons of fresh snow peas, five thick slabs of blue cheese and maybe a snack for her brother Bob. We also need a small plastic snake and a big toy frog for the kids. She can scoop these things in the three red bags and we will go and meet her Wednesday at the train station.",please call stella ask her to bring these things with her from the store six spoons of fresh snow peas five thick slabs of blue cheese and maybe a snack for her brother bob we also need a small plastic snake and a big toy frog for the kids she can scoop these things in the three red bags and we will go and meet her wednesday at the train station,False,latin,0.0,0.043478260869565216,1,0,2,68,69,71
english_us/english329.mp3,english_us,audio/english_us/english329.mp3,"Please call Stella. Ask her to bring these things with her from the store. Six spoons of fresh snow peas, five thick slabs of blue cheese, and maybe a snack for her brother Bob. We also need a small plastic snake and a big toy frog for the kids. She can scoop these things into three red bags, and we will go meet her Wednesday at the train station.",please call stella ask her to bring these things with her from the store six spoons of fresh snow peas five thick slabs of blue cheese and maybe a snack for her brother bob we also need a small plastic snake and a big toy frog for the kids she can scoop these things into three red bags and we will go meet her wednesday at the train station,False,latin,0.0,0.0,0,0,0,69,69,69
hindi/hindi5.mp3,hindi,audio/hindi/hindi5.mp3,"Please call Stella. Ask her to bring these things with her from the store. Six spoons of fresh snow peas, five thick slabs of blue cheese and maybe a snack for her brother Bob. We also need a small plastic snake and a big toy frog for the kids. She can scoop these things into three red bags and we will go meet her Wednesday at the train station.",please call stella ask her to bring these things with her from the store six spoons of fresh snow peas five thick slabs of blue cheese and maybe a snack for her brother bob we also need a small plastic snake and a big toy frog for the kids she can scoop these things into three red bags and we will go meet her wednesday at the train station,False,latin,0.0,0.0,0,0,0,69,69,69
pakistani/urdu13.mp3,pakistani,audio/pakistani/urdu13.mp3,"Please call Stella. Ask her to bring these things with her from the store. Six spoons of fresh snow peas, five thick slabs of blue cheese, and maybe a snack for her brother Bob. We also need a small plastic snake and a big toy frog for the kids. She can scoop these things into three red bags. And we will go meet her Wednesday at the train station.",please call stella ask her to bring these things with her from the store six spoons of fresh snow peas five thick slabs of blue cheese and maybe a snack for her brother bob we also need a small plastic snake and a big toy frog for the kids she can scoop these things into three red bags and we will go meet her wednesday at the train station,False,latin,0.0,0.0,0,0,0,69,69,69
arabic/arabic48.mp3,arabic,audio/arabic/arabic48.mp3,اسأل ستيلا أن تأخذ هذه الأشياء معها من المدرسة. ستة ملعقات سمكة فرنسية، خمسة ملعقات بلوشيز، وربما طعام لبرازل بوب. نحتاج أيضًا إلى سمكة بلاستيكية صغيرة وفراغ كبير للطفلين يستطيع أن تسكب هذه الأشياء إلى ثلاثة مجالات رئيسية وسنلتقي هنا في أمس في محطة التنظيف,اسأل ستيلا أن تأخذ هذه الأشياء معها من المدرسة ستة ملعقات سمكة فرنسية خمسة ملعقات بلوشيز وربما طعام لبرازل بوب نحتاج أيض ا إلى سمكة بلاستيكية صغيرة وفراغ كبير للطفلين يستطيع أن تسكب هذه الأشياء إلى ثلاثة مجالات رئيسية وسنلتقي هنا في أمس في محطة التنظيف,True,arabic,1.0,1.0,46,23,0,0,69,46
english_uk/english334.mp3,english_uk,audio/english_uk/english334.mp3,"Please call Stella. Ask her to bring these things with her from the store. Six spoons of fresh snow peas, five thick slabs of blue cheese and maybe a snack for her brother Bob. We also need a small plastic snake and a big toy frog for the kids. She can scoop these things into three red bags and we will go meet her Wednesday at the train station.",please call stella ask her to bring these things with her from the store six spoons of fresh snow peas five thick slabs of blue cheese and maybe a snack for her brother bob we also need a small plastic snake and a big toy frog for the kids she can scoop these things into three red bags and we will go meet her wednesday at the train station,False,latin,0.0,0.0,0,0,0,69,69,69
english_us/english373.mp3,english_us,audio/english_us/english373.mp3,"Please call Stella. Ask her to bring these things with her from the store. Six spoons of fresh snow peas, five thick slabs of blue cheese, and maybe a snack for her brother Bob. We also need a small plastic snake and a big toy frog for the kids. She can scoop these things into three red bags and we will go meet her Wednesday at the train station.",please call stella ask her to bring these things with her from the store six spoons of fresh snow peas five thick slabs of blue cheese and maybe a snack for her brother bob we also need a small plastic snake and a big toy frog for the kids she can scoop these things into three red bags and we will go meet her wednesday at the train station,False,latin,0.0,0.0,0,0,0,69,69,69
hindi/hindi6.mp3,hindi,audio/hindi/hindi6.mp3,"Please call Stella. Ask her to bring these things with her from the store. Six spoons of fresh snow peas, five thick slabs of blue cheese and maybe a snack for her brother Bob. We also need a small plastic snake and a big toy frog for the kids. She can scoop these things into three red bags and we will go meet her Wednesday at the train station.",please call stella ask her to bring these things with her from the store six spoons of fresh snow peas five thick slabs of blue cheese and maybe a snack for her brother bob we also need a small plastic snake and a big toy frog for the kids she can scoop these things into three red bags and we will go meet her wednesday at the train station,False,latin,0.0,0.0,0,0,0,69,69,69
pakistani/urdu14.mp3,pakistani,audio/pakistani/urdu14.mp3,"Please call Stella, ask her to bring these things with her from the store. 6 spoons of fresh snow peas, 5 thick slabs of blue cheese and maybe a snack for her brother Bob. We also need a small plastic snack and a big toy frog for the kids. She can scoop these things into 3 red bags and we will go meet her Wednesday at the train station.",please call stella ask her to bring these things with her from the store spoons of fresh snow peas thick slabs of blue cheese and maybe a snack for her brother bob we also need a small plastic snack and a big toy frog for the kids she can scoop these things into red bags and we will go meet her wednesday at the train station,False,latin,0.0,0.057971014492753624,1,3,0,65,69,66
arabic/arabic5.mp3,arabic,audio/arabic/arabic5.mp3,"Please call Stella. Ask her to bring these things with her from the store. Six spoons of fresh snow peas, five thick slabs of blue cheese, and maybe a snack for her brother Bob. We also need a small plastic snake and a big toy frog for the kids. She can scoop these things into three red bags and we will go meet her Wednesday at this train station.",please call stella ask her to bring these things with her from the store six spoons of fresh snow peas five thick slabs of blue cheese and maybe a snack for her brother bob we also need a small plastic snake and a big toy frog for the kids she can scoop these things into three red bags and we will go meet her wednesday at this train station,False,latin,0.0,0.014492753623188406,1,0,0,68,69,69
english_uk/english363.mp3,english_uk,audio/english_uk/english363.mp3,"Please call Stella. Ask her to bring these things with her from the store. Six spoons of fresh snow peas, five thick slabs of blue cheese and maybe a snack for her brother, Bob. We also need a small plastic snake and a big toy frog for the kids. She can scoop these things into three red bags and we'll go meet her Wednesday at the train station.",please call stella ask her to bring these things with her from the store six spoons of fresh snow peas five thick slabs of blue cheese and maybe a snack for her brother bob we also need a small plastic snake and a big toy frog for the kids she can scoop these things into three red bags and we'll go meet her wednesday at the train station,False,latin,0.0,0.028985507246376812,1,1,0,67,69,68
english_us/english381.mp3,english_us,audio/english_us/english381.mp3,"Please call Stella. Ask her to bring these things with her from the store. Six spoons of fresh snow peas, five thick slabs of blue cheese, and a big toy frog for the kids. She can scoop these things into three red bags and we will go meet her Wednesday at the train station.",please call stella ask her to bring these things with her from the store six spoons of fresh snow peas five thick slabs of blue cheese and a big toy frog for the kids she can scoop these things into three red bags and we will go meet her wednesday at the train station,False,latin,0.0,0.21739130434782608,0,15,0,54,69,54
hindi/hindi7.mp3,hindi,audio/hindi/hindi7.mp3,"Please call Stella. Ask her to bring these things with her from the store. Six spoons of fresh snow peas, five thick slabs of blue cheese and maybe a snack for her brother Bob. We also need a small plastic snake and a big toy frog for the kids. She can scoop these things into three red bags and we will go meet her Wednesday at the train station.",please call stella ask her to bring these things with her from the store six spoons of fresh snow peas five thick slabs of blue cheese and maybe a snack for her brother bob we also need a small plastic snake and a big toy frog for the kids she can scoop these things into three red bags and we will go meet her wednesday at the train station,False,latin,0.0,0.0,0,0,0,69,69,69
pakistani/urdu15.mp3,pakistani,audio/pakistani/urdu15.mp3,"Please call Stella. Ask her to bring these things with her from the store. 6 spoons of fresh snow peas, 5 thick slabs of blue cheese and maybe a snack for her brother Bob. We also need a small plastic snake and a big toy frog for the kids. She can scoop these things into 3 red bags and we will go meet her Wednesday at the train station.",please call stella ask her to bring these things with her from the store spoons of fresh snow peas thick slabs of blue cheese and maybe a snack for her brother bob we also need a small plastic snake and a big toy frog for the kids she can scoop these things into red bags and we will go meet her wednesday at the train station,False,latin,0.0,0.043478260869565216,0,3,0,66,69,66
arabic/arabic54.mp3,arabic,audio/arabic/arabic54.mp3,"Please call Stella. Ask her to bring these things with her from the store. Six spoons of fresh snow peas, five thick slabs of blue cheese, and maybe a snack for her brother Bob. We also need a small plastic snake and a big toy frog for the kids. She can scoop these things into three red bags, and we will go meet her Wednesday at the train station.",please call stella ask her to bring these things with her from the store six spoons of fresh snow peas five thick slabs of blue cheese and maybe a snack for her brother bob we also need a small plastic snake and a big toy frog for the kids she can scoop these things into three red bags and we will go meet her wednesday at the train station,False,latin,0.0,0.0,0,0,0,69,69,69
english_uk/english365.mp3,english_uk,audio/english_uk/english365.mp3,"Please call Stella. Ask her to bring these things with her from the store. Six spoons of fresh snow peas, five thick slabs of blue cheese and maybe a snack for her brother Bob. We also need a small plastic snake and a big toy frog for the kids. She can scoop these things into three red bags and we will go meet her Wednesday at the train station.",please call stella ask her to bring these things with her from the store six spoons of fresh snow peas five thick slabs of blue cheese and maybe a snack for her brother bob we also need a small plastic snake and a big toy frog for the kids she can scoop these things into three red bags and we will go meet her wednesday at the train station,False,latin,0.0,0.0,0,0,0,69,69,69
english_us/english384.mp3,english_us,audio/english_us/english384.mp3,"Please call Stella. Ask her to bring these things with her from the store. Six spoons of fresh snow peas, five thick slabs of blue cheese, and maybe a snack for her brother Bob. We also need a small plastic snake and a big toy frog for the kids. She can scoop these things into three red bags and we will go meet her Wednesday at the train station.",please call stella ask her to bring these things with her from the store six spoons of fresh snow peas five thick slabs of blue cheese and maybe a snack for her brother bob we also need a small plastic snake and a big toy frog for the kids she can scoop these things into three red bags and we will go meet her wednesday at the train station,False,latin,0.0,0.0,0,0,0,69,69,69
hindi/hindi8.mp3,hindi,audio/hindi/hindi8.mp3,please call stella ask her to bring these things with her from the store six spoons of fresh snow peas five thick slabs of blue cheese and maybe a snack for her brother bob we also need a small plastic snake and a big toy frog for the kids she can scoop these things into three red bags and we will go meet her wednesday at the train station,please call stella ask her to bring these things with her from the store six spoons of fresh snow peas five thick slabs of blue cheese and maybe a snack for her brother bob we also need a small plastic snake and a big toy frog for the kids she can scoop these things into three red bags and we will go meet her wednesday at the train station,False,latin,0.0,0.0,0,0,0,69,69,69
pakistani/urdu16.mp3,pakistani,audio/pakistani/urdu16.mp3,"Please call Stella. Ask her to bring these things with her from the store. Six spoons of fresh snow peas, five thick slaps of blue cheese, and maybe a snack for her brother, Bob. We also need a small plastic snake and a big toy frog for kids. She can scoop these things into three red bags and we will go meet her Wednesday at the train station.",please call stella ask her to bring these things with her from the store six spoons of fresh snow peas five thick slaps of blue cheese and maybe a snack for her brother bob we also need a small plastic snake and a big toy frog for kids she can scoop these things into three red bags and we will go meet her wednesday at the train station,False,latin,0.0,0.028985507246376812,1,1,0,67,69,68
arabic/arabic55.mp3,arabic,audio/arabic/arabic55.mp3,"Please call Stella. Ask her to bring these things with her from the store. Six spoons of fresh snow peas, five thick slabs of blue cheese, and maybe a snack for her brother Bob. We also need a small plastic snake and a big toy frog for the kids. She can scoop these things into three red bags and we will go meet her Wednesday at the train station.",please call stella ask her to bring these things with her from the store six spoons of fresh snow peas five thick slabs of blue cheese and maybe a snack for her brother bob we also need a small plastic snake and a big toy frog for the kids she can scoop these things into three red bags and we will go meet her wednesday at the train station,False,latin,0.0,0.0,0,0,0,69,69,69
english_uk/english366.mp3,english_uk,audio/english_uk/english366.mp3,"Please call Stella. Ask her to bring these things with her from the store. Six spoons of fresh snow peas, five thick slabs of blue cheese and maybe a snack for her brother Bob. We also need a small plastic snake and a big toy frog for the kids. She can scoop these things into three red bags and we will go meet her Wednesday at the train station.",please call stella ask her to bring these things with her from the store six spoons of fresh snow peas five thick slabs of blue cheese and maybe a snack for her brother bob we also need a small plastic snake and a big toy frog for the kids she can scoop these things into three red bags and we will go meet her wednesday at the train station,False,latin,0.0,0.0,0,0,0,69,69,69
english_us/english412.mp3,english_us,audio/english_us/english412.mp3,"Please call Stella. Ask her to bring these things with her from the store. Six spoons of fresh snow peas, five thick slabs of blue cheese, and maybe a snack for her brother Bob. We also need a small plastic snake and a big toy frog for the kids. She can scoop these things into three red bags, and we will go meet her Wednesday at the train station.",please call stella ask her to bring these things with her from the store six spoons of fresh snow peas five thick slabs of blue cheese and maybe a snack for her brother bob we also need a small plastic snake and a big toy frog for the kids she can scoop these things into three red bags and we will go meet her wednesday at the train station,False,latin,0.0,0.0,0,0,0,69,69,69
hindi/hindi9.mp3,hindi,audio/hindi/hindi9.mp3,"Please call Stella. Ask her to bring these things with her from the store. Six spoons of fresh snow peas, five thick slaps of blue cheese and maybe a snack for her brother Bob. We also need a small plastic snake and a big toy frog for the kids. She can scoop these things into three red bags and we will go meet her Wednesday at the train station.",please call stella ask her to bring these things with her from the store six spoons of fresh snow peas five thick slaps of blue cheese and maybe a snack for her brother bob we also need a small plastic snake and a big toy frog for the kids she can scoop these things into three red bags and we will go meet her wednesday at the train station,False,latin,0.0,0.014492753623188406,1,0,0,68,69,69
pakistani/urdu2.mp3,pakistani,audio/pakistani/urdu2.mp3,"Please call Stella. Ask her to bring these things with her from the store. Six spoons of fresh snow peas, five thick slabs of blue cheese and maybe a snack for her brother Bob. We also need a small plastic snack, snake and a big toy frog for the kids. She can scoop these things into three red bags and we will go meet her wednesday at the train station",please call stella ask her to bring these things with her from the store six spoons of fresh snow peas five thick slabs of blue cheese and maybe a snack for her brother bob we also need a small plastic snack snake and a big toy frog for the kids she can scoop these things into three red bags and we will go meet her wednesday at the train station,False,latin,0.0,0.014492753623188406,0,0,1,69,69,70
arabic/arabic57.mp3,arabic,audio/arabic/arabic57.mp3,"Please call Stella, ask her to bring these things with her from the store. Six spoons of fresh snow peas, five thick slabs of blue cheese and maybe a snack for her brother Bob. We also need a small plastic snake and a big toy frog for the kids. She can scoop these things into three red bags and we will go meet her Wednesday at the train station.",please call stella ask her to bring these things with her from the store six spoons of fresh snow peas five thick slabs of blue cheese and maybe a snack for her brother bob we also need a small plastic snake and a big toy frog for the kids she can scoop these things into three red bags and we will go meet her wednesday at the train station,False,latin,0.0,0.0,0,0,0,69,69,69
english_uk/english368.mp3,english_uk,audio/english_uk/english368.mp3,"Please call Stella. Ask her to bring these things with her from the store. Six spoons of fresh snow peas, five thick slabs of blue cheese and maybe a snack for her brother Bob. We also need a small plastic snake and a big toy frog for the kids. She can scoop these things into three red bags and we will go meet her Wednesday at the train station.",please call stella ask her to bring these things with her from the store six spoons of fresh snow peas five thick slabs of blue cheese and maybe a snack for her brother bob we also need a small plastic snake and a big toy frog for the kids she can scoop these things into three red bags and we will go meet her wednesday at the train station,False,latin,0.0,0.0,0,0,0,69,69,69
english_us/english415.mp3,english_us,audio/english_us/english415.mp3,please call stella ask her to bring these things with her from the store six spoons of fresh snow peas five thick slabs of blue cheese and maybe a snack for her brother bob we also need a small plastic snake and a big toy frog for the kids she can scoop these things into three red bags and we will go meet her wednesday at the train station,please call stella ask her to bring these things with her from the store six spoons of fresh snow peas five thick slabs of blue cheese and maybe a snack for her brother bob we also need a small plastic snake and a big toy frog for the kids she can scoop these things into three red bags and we will go meet her wednesday at the train station,False,latin,0.0,0.0,0,0,0,69,69,69
pakistani/urdu3.mp3,pakistani,audio/pakistani/urdu3.mp3,"Please call Stella. Ask her to bring these things with her from the store. 6 spoons of fresh snow peas, 5 thick slabs of blue cheese and maybe a snack for her brother Bob. We also need a small plastic snake and a big toy frog for the kids. She can scoop these things into 3 red bags and we will go meet her Wednesday at the train station.",please call stella ask her to bring these things with her from the store spoons of fresh snow peas thick slabs of blue cheese and maybe a snack for her brother bob we also need a small plastic snake and a big toy frog for the kids she can scoop these things into red bags and we will go meet her wednesday at the train station,False,latin,0.0,0.043478260869565216,0,3,0,66,69,66
arabic/arabic65.mp3,arabic,audio/arabic/arabic65.mp3,"Please call Steela. Ask her to bring these things with her from the store. Six spoons of fresh snow peas, five thick slabs of blue cheese, and maybe a snack for her brother, Pop. We also need a small plastic snake and a big toy frog for the kids. She can scoop these things into three red bags, and we will go meet her Wednesday at the train station.",please call steela ask her to bring these things with her from the store six spoons of fresh snow peas five thick slabs of blue cheese and maybe a snack for her brother pop we also need a small plastic snake and a big toy frog for the kids she can scoop these things into three red bags and we will go meet her wednesday at the train station,False,latin,0.0,0.028985507246376812,2,0,0,67,69,69
english_uk/english374.mp3,english_uk,audio/english_uk/english374.mp3,please call stella ask her to bring these things with her from the store six spoons of fresh no peas five thick slabs of blue cheese and maybe a snack for her brother bob we also need a small plastic snake and a big toy frog for the kids she can scoop these things into three red bags and we will go and meet her wednesday at the train station,please call stella ask her to bring these things with her from the store six spoons of fresh no peas five thick slabs of blue cheese and maybe a snack for her brother bob we also need a small plastic snake and a big toy frog for the kids she can scoop these things into three red bags and we will go and meet her wednesday at the train station,False,latin,0.0,0.028985507246376812,1,0,1,68,69,70
english_us/english428.mp3,english_us,audio/english_us/english428.mp3,"Please call Stella. Ask her to bring these things with her from the store. Six spoons of fresh snow peas, five thick slabs of blue cheese, and maybe a snack for her brother Bob. We also need a small plastic snake and a big toy frog for the kids. She can scoop these things into three red bags and we will go meet her Wednesday at the train station.",please call stella ask her to bring these things with her from the store six spoons of fresh snow peas five thick slabs of blue cheese and maybe a snack for her brother bob we also need a small plastic snake and a big toy frog for the kids she can scoop these things into three red bags and we will go meet her wednesday at the train station,False,latin,0.0,0.0,0,0,0,69,69,69
pakistani/urdu5.mp3,pakistani,audio/pakistani/urdu5.mp3,"Please call Stella. Ask her to bring these things with her from the store. 6 spoons of fresh snow peas, 5 thick slices of blue cheese and maybe a snack for her brother Bob. We also need a small plastic snake and a big toy frog for the kids. She can scoop these things into 3 red bags and we will go meet her Wednesday at the train station.",please call stella ask her to bring these things with her from the store spoons of fresh snow peas thick slices of blue cheese and maybe a snack for her brother bob we also need a small plastic snake and a big toy frog for the kids she can scoop these things into red bags and we will go meet her wednesday at the train station,False,latin,0.0,0.057971014492753624,1,3,0,65,69,66
arabic/arabic68.mp3,arabic,audio/arabic/arabic68.mp3,"Please call Stella. Ask her to bring these things with her from the store. Six spoons of fresh snow peas, five thick slabs of blue cheese, and maybe a snack for her brother, Brother Pop. We also need a small plastic snake and a big toy frog for the kids. She can scoop these things into three red bags and we will go meet her Wednesday at the train station.",please call stella ask her to bring these things with her from the store six spoons of fresh snow peas five thick slabs of blue cheese and maybe a snack for her brother brother pop we also need a small plastic snake and a big toy frog for the kids she can scoop these things into three red bags and we will go meet her wednesday at the train station,False,latin,0.0,0.028985507246376812,1,0,1,68,69,70
english_uk/english417.mp3,english_uk,audio/english_uk/english417.mp3,"Please call Stella. Ask her to bring these things with her from the store. Six spoons of fresh snow peas, five thick slabs of blue cheese and maybe a snack for her brother Bob. We also need a small plastic snake and a big toy frog for the kids. She can scoop these things into three red bags and we will go meet her on Wednesday at the train station.",please call stella ask her to bring these things with her from the store six spoons of fresh snow peas five thick slabs of blue cheese and maybe a snack for her brother bob we also need a small plastic snake and a big toy frog for the kids she can scoop these things into three red bags and we will go meet her on wednesday at the train station,False,latin,0.0,0.014492753623188406,0,0,1,69,69,70
english_us/english431.mp3,english_us,audio/english_us/english431.mp3,"Please call Stella. Ask her to bring these things with her from the store. Six spoons of fresh snow peas, five thick slabs of blue cheese, and maybe a snack for her brother Bob. We also need a small plastic snake and a big toy frog for the kids. She can scoop these things into three red bags and we'll go meet her Wednesday at the train station.",please call stella ask her to bring these things with her from the store six spoons of fresh snow peas five thick slabs of blue cheese and maybe a snack for her brother bob we also need a small plastic snake and a big toy frog for the kids she can scoop these things into three red bags and we'll go meet her wednesday at the train station,False,latin,0.0,0.028985507246376812,1,1,0,67,69,68
pakistani/urdu7.mp3,pakistani,audio/pakistani/urdu7.mp3,"Please call Stella. Ask her to bring these things with her from the store. Six spoons of fresh snow peas, five thick slabs of blue cheese and maybe a snack for her brother Bob. We also need a small plastic snack and a big toy frog for the kids. She can scoop these things into three red bags and we will go meet with her Wednesday at the train station.",please call stella ask her to bring these things with her from the store six spoons of fresh snow peas five thick slabs of blue cheese and maybe a snack for her brother bob we also need a small plastic snack and a big toy frog for the kids she can scoop these things into three red bags and we will go meet with her wednesday at the train station,False,latin,0.0,0.028985507246376812,1,0,1,68,69,70
arabic/arabic70.mp3,arabic,audio/arabic/arabic70.mp3,"Please call Stella, ask her to bring these things with her from the store. Six spoons of fresh snow peas, five thick slabs of blue cheese and maybe a snack for her brother Bob. We also need a small plastic snack and a big toy frog for the kids. She can scoop these things into three red bags and we will go meet her Wednesday at the train station.",please call stella ask her to bring these things with her from the store six spoons of fresh snow peas five thick slabs of blue cheese and maybe a snack for her brother bob we also need a small plastic snack and a big toy frog for the kids she can scoop these things into three red bags and we will go meet her wednesday at the train station,False,latin,0.0,0.014492753623188406,1,0,0,68,69,69
english_uk/english448.mp3,english_uk,audio/english_uk/english448.mp3,"Please call Stella. Ask her to bring these things with her from the store. Six spoons of fresh snow peas, five thick slabs of blue cheese and maybe a snack for our brother Bob. We also need a small plastic snake and a big toy frog for the kids. She can scoop these things into three red bags and we will go meet her Wednesday at the train station.",please call stella ask her to bring these things with her from the store six spoons of fresh snow peas five thick slabs of blue cheese and maybe a snack for our brother bob we also need a small plastic snake and a big toy frog for the kids she can scoop these things into three red bags and we will go meet her wednesday at the train station,False,latin,0.0,0.014492753623188406,1,0,0,68,69,69
english_us/english479.mp3,english_us,audio/english_us/english479.mp3,"Please call Stella. Ask her to bring these things with her from the store. Six spoons of fresh snow peas, five thick slabs of blue cheese, and maybe a snack for her brother Bob. We also need a small plastic snake and a big toy frog for the kids. She can scoop these things into three red bags and we will go meet her Wednesday at the train station.",please call stella ask her to bring these things with her from the store six spoons of fresh snow peas five thick slabs of blue cheese and maybe a snack for her brother bob we also need a small plastic snake and a big toy frog for the kids she can scoop these things into three red bags and we will go meet her wednesday at the train station,False,latin,0.0,0.0,0,0,0,69,69,69
arabic/arabic71.mp3,arabic,audio/arabic/arabic71.mp3,Please call Stella. Ask her to bring these things with her from the store. Six spoons of fresh snow peas. Five thick slabs of blue cheese. And maybe a snack for her brother Bob. We also need a small plastic snake. And a big toy frog for the kids. She can scoop these things into three red bags and we will go meet her Wednesday at the train station.,please call stella ask her to bring these things with her from the store six spoons of fresh snow peas five thick slabs of blue cheese and maybe a snack for her brother bob we also need a small plastic snake and a big toy frog for the kids she can scoop these things into three red bags and we will go meet her wednesday at the train station,False,latin,0.0,0.0,0,0,0,69,69,69
english_uk/english465.mp3,english_uk,audio/english_uk/english465.mp3,"Please call Stella. Ask her to bring these things with her from the store. Six spoons of fresh snow, snow peas, five thick slabs of blue cheese and maybe a snack for her brother Bob. We also need a small plastic snake and a big toy frog for the kids. She can scoop these things into three red bags and we will go to meet her Wednesday at the train station.",please call stella ask her to bring these things with her from the store six spoons of fresh snow snow peas five thick slabs of blue cheese and maybe a snack for her brother bob we also need a small plastic snake and a big toy frog for the kids she can scoop these things into three red bags and we will go to meet her wednesday at the train station,False,latin,0.0,0.028985507246376812,0,0,2,69,69,71
english_us/english5.mp3,english_us,audio/english_us/english5.mp3,"Please call Stella. Ask her to bring these things with her from the store. Six spoons of fresh snow peas, five thick slabs of blue cheese, and maybe a snack for her brother Bob. We also need a small plastic snake and a big toy frog for the kids. She can scoop these things into three red bags and we will meet her Wednesday at the train station.",please call stella ask her to bring these things with her from the store six spoons of fresh snow peas five thick slabs of blue cheese and maybe a snack for her brother bob we also need a small plastic snake and a big toy frog for the kids she can scoop these things into three red bags and we will meet her wednesday at the train station,False,latin,0.0,0.014492753623188406,0,1,0,68,69,68
arabic/arabic72.mp3,arabic,audio/arabic/arabic72.mp3,"Please call Stella. Ask her to bring these things with her from the store. Six spoons of fresh snow peas, five thick slabs of blue cheese, and maybe a snack for her brother Bob. We also need a small plastic snake and a big toy frog for the kids. She can scoop these things into three red bags, and we will go meet her Wednesday at the train station.",please call stella ask her to bring these things with her from the store six spoons of fresh snow peas five thick slabs of blue cheese and maybe a snack for her brother bob we also need a small plastic snake and a big toy frog for the kids she can scoop these things into three red bags and we will go meet her wednesday at the train station,False,latin,0.0,0.0,0,0,0,69,69,69
english_uk/english470.mp3,english_uk,audio/english_uk/english470.mp3,"Please call Stella. Ask her to bring these things from her room to the store. Six spoons of fresh snow peas, five thick slabs of blue cheese, and maybe a snack for Brother Bob. We also need a small plastic snake and a big toy frog for the kids. She can scoop these things into three red bags and we'll go meet her Wednesday at the train station.",please call stella ask her to bring these things from her room to the store six spoons of fresh snow peas five thick slabs of blue cheese and maybe a snack for brother bob we also need a small plastic snake and a big toy frog for the kids she can scoop these things into three red bags and we'll go meet her wednesday at the train station,False,latin,0.0,0.08695652173913043,3,2,1,64,69,68
english_us/english514.mp3,english_us,audio/english_us/english514.mp3,"Please call Stella. Ask her to bring these things with her from the store. Six spoons of fresh snow peas, five thick slabs of blue cheese, and maybe a snack for her brother Bob. We also need a small plastic snake and a big toy frog for the kids. She can scoop these things into three red bags, and we will go meet her Wednesday at the train station.",please call stella ask her to bring these things with her from the store six spoons of fresh snow peas five thick slabs of blue cheese and maybe a snack for her brother bob we also need a small plastic snake and a big toy frog for the kids she can scoop these things into three red bags and we will go meet her wednesday at the train station,False,latin,0.0,0.0,0,0,0,69,69,69
arabic/arabic74.mp3,arabic,audio/arabic/arabic74.mp3,"Please call Stella. Ask her to bring these things with her from the store. Six spoons of fresh snow peas, five thick slabs of blue cheese and maybe a snack for her brother Bob. We also need a small plastic snake and a big toy frog for the kids. She can scoop these things into three red bags and we will go meet her Wednesday at the train station.",please call stella ask her to bring these things with her from the store six spoons of fresh snow peas five thick slabs of blue cheese and maybe a snack for her brother bob we also need a small plastic snake and a big toy frog for the kids she can scoop these things into three red bags and we will go meet her wednesday at the train station,False,latin,0.0,0.0,0,0,0,69,69,69
english_uk/english473.mp3,english_uk,audio/english_uk/english473.mp3,"Please call Stella. Ask her to bring these things with her from the store. Six spoons of fresh snow peas, five thick slabs of blue cheese and maybe a snack for her brother Bob. We also need a small plastic snake and a big toy frog for the kids. She can scoop these things into three red bags and we will go meet her Wednesday at the train station.",please call stella ask her to bring these things with her from the store six spoons of fresh snow peas five thick slabs of blue cheese and maybe a snack for her brother bob we also need a small plastic snake and a big toy frog for the kids she can scoop these things into three red bags and we will go meet her wednesday at the train station,False,latin,0.0,0.0,0,0,0,69,69,69
english_us/english520.mp3,english_us,audio/english_us/english520.mp3,"Please call Stella. Ask her to bring these things with her from the store. Six spoons of fresh snow peas, five thick slabs of blue cheese, and maybe a snack for her brother Bob. We also need a small plastic snake and a big toy frog for the kids. She can scoop these things into three red bags, and we will go meet her Wednesday at the train station.",please call stella ask her to bring these things with her from the store six spoons of fresh snow peas five thick slabs of blue cheese and maybe a snack for her brother bob we also need a small plastic snake and a big toy frog for the kids she can scoop these things into three red bags and we will go meet her wednesday at the train station,False,latin,0.0,0.0,0,0,0,69,69,69
arabic/arabic78.mp3,arabic,audio/arabic/arabic78.mp3,"Please call Stella. Ask her to bring these things with her from the store. Six spoons of fresh snow peas, five thick slabs of blue cheese, and maybe a snack for her brother Bob. We also need a small plastic snake and a big toy frog for the kids. She can scoop these things into three red bags, and we will go meet her Wednesday at the train station.",please call stella ask her to bring these things with her from the store six spoons of fresh snow peas five thick slabs of blue cheese and maybe a snack for her brother bob we also need a small plastic snake and a big toy frog for the kids she can scoop these things into three red bags and we will go meet her wednesday at the train station,False,latin,0.0,0.0,0,0,0,69,69,69
english_uk/english487.mp3,english_uk,audio/english_uk/english487.mp3,please call stella ask her to bring these things with her from the store six spins of fresh snow peas five thick slabs of blue cheese and maybe a snack for her brother bob we also need a small plastic snake and a big toy frog for the kids she can scoop these things into three red bags and we will go meet her wednesday at the train station,please call stella ask her to bring these things with her from the store six spins of fresh snow peas five thick slabs of blue cheese and maybe a snack for her brother bob we also need a small plastic snake and a big toy frog for the kids she can scoop these things into three red bags and we will go meet her wednesday at the train station,False,latin,0.0,0.014492753623188406,1,0,0,68,69,69
english_us/english522.mp3,english_us,audio/english_us/english522.mp3,"Please call Stella. Ask her to bring these things with her from the store. Six spoons of fresh snow peas, five thick slabs of blue cheese, and maybe a snack for her brother Bob. We also need a small plastic snake and a big toy frog for the kids. She can scoop these things into three red bags and we will go meet her Wednesday at the train station.",please call stella ask her to bring these things with her from the store six spoons of fresh snow peas five thick slabs of blue cheese and maybe a snack for her brother bob we also need a small plastic snake and a big toy frog for the kids she can scoop these things into three red bags and we will go meet her wednesday at the train station,False,latin,0.0,0.0,0,0,0,69,69,69
arabic/arabic8.mp3,arabic,audio/arabic/arabic8.mp3,"Please call Stella. Ask her to bring these things with her from the store. Six pounds of fresh snow peas, five thick slabs of blue cheese, and maybe a snack for her brother Bob. We also need a small plastic snake and a big toy frog for the kids. She can scoop these things into three red bags. And we will go meet her Wednesday at the train station.",please call stella ask her to bring these things with her from the store six pounds of fresh snow peas five thick slabs of blue cheese and maybe a snack for her brother bob we also need a small plastic snake and a big toy frog for the kids she can scoop these things into three red bags and we will go meet her wednesday at the train station,False,latin,0.0,0.014492753623188406,1,0,0,68,69,69
english_uk/english549.mp3,english_uk,audio/english_uk/english549.mp3,"Please call Stella. Ask her to bring these things with her from the store. Six spoons of fresh snow peas, five thick slabs of blue cheese, and maybe a snack for her brother Bob. We also need a small plastic snake and a big toy frog for the kids. She can scoop these things into three red bags, and we will go meet her Wednesday at the train station.",please call stella ask her to bring these things with her from the store six spoons of fresh snow peas five thick slabs of blue cheese and maybe a snack for her brother bob we also need a small plastic snake and a big toy frog for the kids she can scoop these things into three red bags and we will go meet her wednesday at the train station,False,latin,0.0,0.0,0,0,0,69,69,69
english_us/english531.mp3,english_us,audio/english_us/english531.mp3,"Please call Stella. Ask her to bring these things with her from the store. Six spoons of fresh snow peas, five thick slabs of blue cheese, and maybe a snack for her brother Bob. We also need a small plastic snake and a big toy frog for the kids. She can scoop these things into three red bags, and we will go meet her Wednesday at the train station.",please call stella ask her to bring these things with her from the store six spoons of fresh snow peas five thick slabs of blue cheese and maybe a snack for her brother bob we also need a small plastic snake and a big toy frog for the kids she can scoop these things into three red bags and we will go meet her wednesday at the train station,False,latin,0.0,0.0,0,0,0,69,69,69
arabic/arabic91.mp3,arabic,audio/arabic/arabic91.mp3,"Please call Steela. Ask her to bring these things with her from the store. Six spoons of fresh snow peas, five thick slabs of blue cheese, and maybe a snack for her brother pup. We also need a small plastic snack and a big toy frog for the kids. She can scoop these things into three red bags and we will go meet here Wednesday at the train station",please call steela ask her to bring these things with her from the store six spoons of fresh snow peas five thick slabs of blue cheese and maybe a snack for her brother pup we also need a small plastic snack and a big toy frog for the kids she can scoop these things into three red bags and we will go meet here wednesday at the train station,False,latin,0.0,0.057971014492753624,4,0,0,65,69,69
english_uk/english578.mp3,english_uk,audio/english_uk/english578.mp3,"Please call Stella. Ask her to bring these six things with her from the store. Six spoons of fresh snow peas, five thick slabs of blue cheese and maybe a snack for her brother Bob. Also, we need a small plastic snake and a big toy frog for the kids. She can scoop these things into three red bags and we'll go meet her Wednesday at the train station. Thank you.",please call stella ask her to bring these six things with her from the store six spoons of fresh snow peas five thick slabs of blue cheese and maybe a snack for her brother bob also we need a small plastic snake and a big toy frog for the kids she can scoop these things into three red bags and we'll go meet her wednesday at the train station thank you,False,latin,0.0,0.10144927536231885,1,2,4,66,69,71
english_us/english546.mp3,english_us,audio/english_us/english546.mp3,"Please call Stella. Ask her to bring these things from her store. Six spoons of fresh snow peas, five thick slabs of blue cheese, and maybe a snack for her brother Bob. We also need a plastic snake and a big toy frog for the kids. She can scoop these things into three red bags and we will go meet her Wednesday at the train station.",please call stella ask her to bring these things from her store six spoons of fresh snow peas five thick slabs of blue cheese and maybe a snack for her brother bob we also need a plastic snake and a big toy frog for the kids she can scoop these things into three red bags and we will go meet her wednesday at the train station,False,latin,0.0,0.057971014492753624,1,3,0,65,69,66
arabic/arabic95.mp3,arabic,audio/arabic/arabic95.mp3,Please call Stella. Ask her to bring these things with her from the store. Six spoons of fresh snow bees. Five thick slabs of blue cheese. And maybe a snack for her brother Bob. يمكن أن تكون طعاماً لأخي بوب. نحتاج أيضًا إلى طعام صغير وفراغ كبير للطفلين. يمكن أن تسكوب هذه الأشياء إلى ثلاثة مجالات أحمر. وسوف نتقابلها في أمس في محطة الطرق.,please call stella ask her to bring these things with her from the store six spoons of fresh snow bees five thick slabs of blue cheese and maybe a snack for her brother bob يمكن أن تكون طعاما لأخي بوب نحتاج أيض ا إلى طعام صغير وفراغ كبير للطفلين يمكن أن تسكوب هذه الأشياء إلى ثلاثة مجالات أحمر وسوف نتقابلها في أمس في محطة الطرق,False,latin,0.4735,0.5217391304347826,32,4,0,33,69,65
english_uk/english58.mp3,english_uk,audio/english_uk/english58.mp3,"Please call Stella. Ask her to bring these things with her from the store. Six spoons of fresh snow peas, five thick slabs of blue cheese and maybe a snack for her brother Bob. We also need a small plastic snake and a big toy frog for the kids. She can scoop these things into three red bags and we will go meet her Wednesday at the train station.",please call stella ask her to bring these things with her from the store six spoons of fresh snow peas five thick slabs of blue cheese and maybe a snack for her brother bob we also need a small plastic snake and a big toy frog for the kids she can scoop these things into three red bags and we will go meet her wednesday at the train station,False,latin,0.0,0.0,0,0,0,69,69,69
english_us/english555.mp3,english_us,audio/english_us/english555.mp3,"Please call Stella, ask her to bring these things with her from the store. Six spoons of fresh snow peas, five thick slabs of blue cheese, and maybe a snack for her brother Bob. We also need a small plastic snake and a big toy frog for the kids. She can scoop these things into three red bags, and we will go meet her Wednesday at the train station.",please call stella ask her to bring these things with her from the store six spoons of fresh snow peas five thick slabs of blue cheese and maybe a snack for her brother bob we also need a small plastic snake and a big toy frog for the kids she can scoop these things into three red bags and we will go meet her wednesday at the train station,False,latin,0.0,0.0,0,0,0,69,69,69
arabic/arabic98.mp3,arabic,audio/arabic/arabic98.mp3,"Please call Steda. Ask her to bring these things from the store. Six spoons of fresh snow peas, five thick slabs of blue cheese, and maybe a snack for her brother Bob. We also need a small plastic snack and a big toy frog for the kids. She can scoop these things into three red bags, and we will go meet her Wednesday at the train station.",please call steda ask her to bring these things from the store six spoons of fresh snow peas five thick slabs of blue cheese and maybe a snack for her brother bob we also need a small plastic snack and a big toy frog for the kids she can scoop these things into three red bags and we will go meet her wednesday at the train station,False,latin,0.0,0.057971014492753624,2,2,0,65,69,67
english_uk/english85.mp3,english_uk,audio/english_uk/english85.mp3,"Please call Stella, ask her to bring these things with her from the store. Six spoons of fresh snow peas, high thick slabs of blue cheese and maybe a snack for her brother Bob. We also need a small plastic snake and a big toy frog for the kids. She can scoop these things into three red bags and we will go meet her Wednesday at the train station.",please call stella ask her to bring these things with her from the store six spoons of fresh snow peas high thick slabs of blue cheese and maybe a snack for her brother bob we also need a small plastic snake and a big toy frog for the kids she can scoop these things into three red bags and we will go meet her wednesday at the train station,False,latin,0.0,0.014492753623188406,1,0,0,68,69,69
english_us/english95.mp3,english_us,audio/english_us/english95.mp3,"Please call Stella. Ask her to bring these things with her from the store. Six spoons of fresh snow peas, five thick slabs of blue cheese, and maybe a snack for her brother Bob. We also need a small plastic snake and a big toy frog for the kids. She can scoop these things into three red bags, and we will go meet her Wednesday at the train station.",please call stella ask her to bring these things with her from the store six spoons of fresh snow peas five thick slabs of blue cheese and maybe a snack for her brother bob we also need a small plastic snake and a big toy frog for the kids she can scoop these things into three red bags and we will go meet her wednesday at the train station,False,latin,0.0,0.0,0,0,0,69,69,69
